<?xml version="1.0" encoding="UTF-8"?>
<project-private xmlns="http://www.netbeans.org/ns/project-private/1">
    <editor-bookmarks xmlns="http://www.netbeans.org/ns/editor-bookmarks/2" lastBookmarkId="0"/>
    <open-files xmlns="http://www.netbeans.org/ns/projectui-open-files/2">
        <group>
            <file>file:/C:/Users/mathi/Desktop/Gestion_Ecole_3%20(4)/Gestion_Ecole_3/src/vue/PageEnseignant.java</file>
            <file>file:/C:/Users/mathi/Desktop/Gestion_Ecole_3%20(4)/Gestion_Ecole_3/src/vue/Connexion.java</file>
            <file>file:/C:/Users/mathi/Desktop/Gestion_Ecole_3%20(4)/Gestion_Ecole_3/src/vue/PageInscription.java</file>
            <file>file:/C:/Users/mathi/Desktop/Gestion_Ecole_3%20(4)/Gestion_Ecole_3/src/vue/Test.java</file>
            <file>file:/C:/Users/mathi/Desktop/Gestion_Ecole_3%20(4)/Gestion_Ecole_3/src/vue/PageEleve.java</file>
            <file>file:/C:/Users/mathi/Desktop/Gestion_Ecole_3%20(4)/Gestion_Ecole_3/src/vue/PageConnexion.java</file>
        </group>
    </open-files>
</project-private>
