<?xml version="1.0" encoding="UTF-8"?>
<project-private xmlns="http://www.netbeans.org/ns/project-private/1">
    <editor-bookmarks xmlns="http://www.netbeans.org/ns/editor-bookmarks/2" lastBookmarkId="0"/>
    <open-files xmlns="http://www.netbeans.org/ns/projectui-open-files/2">
        <group>
            <file>file:/C:/Users/mathi/Desktop/Gestion_Ecole_3/Gestion_Ecole_3/src/DAO_Factory/DAO_Factory.java</file>
            <file>file:/C:/Users/mathi/Desktop/Gestion_Ecole_3/Gestion_Ecole_3/src/modele/Detail_Bulletin.java</file>
            <file>file:/C:/Users/mathi/Desktop/Gestion_Ecole_3/Gestion_Ecole_3/src/DAO/DAOEcole.java</file>
            <file>file:/C:/Users/mathi/Desktop/Gestion_Ecole_3/Gestion_Ecole_3/src/DAO/DAODetail_Bulletin.java</file>
            <file>file:/C:/Users/mathi/Desktop/Gestion_Ecole_3/Gestion_Ecole_3/src/modele/Inscription.java</file>
            <file>file:/C:/Users/mathi/Desktop/Gestion_Ecole_3/Gestion_Ecole_3/src/modele/Bulletin.java</file>
            <file>file:/C:/Users/mathi/Desktop/Gestion_Ecole_3/Gestion_Ecole_3/src/modele/DS.java</file>
            <file>file:/C:/Users/mathi/Desktop/Gestion_Ecole_3/Gestion_Ecole_3/src/DAO/DAOBulletin.java</file>
            <file>file:/C:/Users/mathi/Desktop/Gestion_Ecole_3/Gestion_Ecole_3/src/DAO/DAODS.java</file>
            <file>file:/C:/Users/mathi/Desktop/Gestion_Ecole_3/Gestion_Ecole_3/src/modele/Classe.java</file>
            <file>file:/C:/Users/mathi/Desktop/Gestion_Ecole_3/Gestion_Ecole_3/src/modele/Personne.java</file>
            <file>file:/C:/Users/mathi/Desktop/Gestion_Ecole_3/Gestion_Ecole_3/src/modele/Enseignement.java</file>
            <file>file:/C:/Users/mathi/Desktop/Gestion_Ecole_3/Gestion_Ecole_3/src/DAO/DAO.java</file>
            <file>file:/C:/Users/mathi/Desktop/Gestion_Ecole_3/Gestion_Ecole_3/src/DAO/DAOEvaluation.java</file>
            <file>file:/C:/Users/mathi/Desktop/Gestion_Ecole_3/Gestion_Ecole_3/src/DAO/DAOPersonne.java</file>
            <file>file:/C:/Users/mathi/Desktop/Gestion_Ecole_3/Gestion_Ecole_3/src/modele/Trimestre.java</file>
            <file>file:/C:/Users/mathi/Desktop/Gestion_Ecole_3/Gestion_Ecole_3/src/vue/Test.java</file>
            <file>file:/C:/Users/mathi/Desktop/Gestion_Ecole_3/Gestion_Ecole_3/src/modele/Evaluation.java</file>
            <file>file:/C:/Users/mathi/Desktop/Gestion_Ecole_3/Gestion_Ecole_3/src/vue/Interface.java</file>
            <file>file:/C:/Users/mathi/Desktop/Gestion_Ecole_3/Gestion_Ecole_3/src/modele/Niveau.java</file>
            <file>file:/C:/Users/mathi/Desktop/Gestion_Ecole_3/Gestion_Ecole_3/src/vue/Panel.java</file>
            <file>file:/C:/Users/mathi/Desktop/Gestion_Ecole_3/Gestion_Ecole_3/src/DAO/DAONiveau.java</file>
            <file>file:/C:/Users/mathi/Desktop/Gestion_Ecole_3/Gestion_Ecole_3/src/DAO/DAOEnseignement.java</file>
            <file>file:/C:/Users/mathi/Desktop/Gestion_Ecole_3/Gestion_Ecole_3/src/DAO/DAOTrimestre.java</file>
            <file>file:/C:/Users/mathi/Desktop/Gestion_Ecole_3/Gestion_Ecole_3/src/DAO/DAODiscipline.java</file>
            <file>file:/C:/Users/mathi/Desktop/Gestion_Ecole_3/Gestion_Ecole_3/src/modele/BDD.java</file>
            <file>file:/C:/Users/mathi/Desktop/Gestion_Ecole_3/Gestion_Ecole_3/src/modele/Ecole.java</file>
            <file>file:/C:/Users/mathi/Desktop/Gestion_Ecole_3/Gestion_Ecole_3/src/vue/Accueuil.java</file>
            <file>file:/C:/Users/mathi/Desktop/Gestion_Ecole_3/Gestion_Ecole_3/src/DAO/DAOAnnee_Scolaire.java</file>
            <file>file:/C:/Users/mathi/Desktop/Gestion_Ecole_3/Gestion_Ecole_3/src/DAO/DAOInscription.java</file>
            <file>file:/C:/Users/mathi/Desktop/Gestion_Ecole_3/Gestion_Ecole_3/src/modele/Annee_Scolaire.java</file>
        </group>
    </open-files>
</project-private>
