<?xml version="1.0" encoding="UTF-8"?>
<project-private xmlns="http://www.netbeans.org/ns/project-private/1">
    <editor-bookmarks xmlns="http://www.netbeans.org/ns/editor-bookmarks/2" lastBookmarkId="0"/>
    <open-files xmlns="http://www.netbeans.org/ns/projectui-open-files/2">
        <group>
            <file>file:/C:/Users/LOL/Desktop/LOIC/ECE/POO%20JAVA/Gestion_Ecole_3/src/DAO/DAOBulletin.java</file>
            <file>file:/C:/Users/LOL/Desktop/LOIC/ECE/POO%20JAVA/Gestion_Ecole_3/src/modele/Bulletin.java</file>
            <file>file:/C:/Users/LOL/Desktop/LOIC/ECE/POO%20JAVA/Gestion_Ecole_3/src/vue/Test.java</file>
            <file>file:/C:/Users/LOL/Desktop/LOIC/ECE/POO%20JAVA/Gestion_Ecole_3/src/modele/Evaluation.java</file>
            <file>file:/C:/Users/LOL/Desktop/LOIC/ECE/POO%20JAVA/Gestion_Ecole_3/src/modele/Detail_Bulletin.java</file>
            <file>file:/C:/Users/LOL/Desktop/LOIC/ECE/POO%20JAVA/Gestion_Ecole_3/src/DAO/DAOEvaluation.java</file>
        </group>
    </open-files>
</project-private>
